epoch;acc;loss;val_acc;val_loss
0;0.6334722222222222;0.6425849425506264;0.7727777777777778;0.5837768448620206
1;0.6768055555555555;0.5992045081831262;0.685;0.610225406491922
0;0.6336111111111111;0.6418423322977873;0.6822222222222222;0.5670351860527363
1;0.6809722222222222;0.5973430020922024;0.32611111111111113;1.2392537044801024
2;0.6897222222222222;0.5832511871003734;0.6438888888888888;0.6662161118869618
3;0.6968055555555556;0.5724090731147975;0.4722222222222222;0.9712349957456657
4;0.7043055555555555;0.5641711315603799;0.5194444444444445;0.7660162043708261
0;0.627500012723936;0.6406157044900789;0.6344444569614198;0.6429927777912882
1;0.6813889016707738;0.5905812487316628;0.5161111217406061;0.7339106877644856
2;0.6919444571042226;0.574186374195334;0.34888889669544165;0.8794946551322937
3;0.7097222344639401;0.5557383148827486;0.43888889878160425;0.8823358115222719
4;0.7186111231334508;0.5403324783055319;0.5600000117388036;0.7572202266090446
5;0.7252777898994585;0.5336108978630768;0.5494444552809;0.7566051558487945
6;0.7329166786124309;0.5177446918665535;0.6088889012320174;0.690045693765084
7;0.749027789508303;0.49944439970681237;0.5494444554050764;0.8285115398466587
8;0.7498611228333579;0.4915985638379223;0.5638889007270336;0.7884886174566216
9;0.7605555667645402;0.4752755546179186;0.45666667698986;1.011590220613612
10;0.7688888995390799;0.46300523130274895;0.466111122071743;0.9853406726900075
11;0.7709722334105108;0.4542498978902586;0.5583333449231254;0.8306675696124634
12;0.7790277887342705;0.44042307968613587;0.5738889002965556;0.9142005139754878
13;0.7876388993631634;0.42863086309387455;0.5650000112338198;0.936576177055637
14;0.7887500105218754;0.42094115074659283;0.5011111219310098;0.9873840018279023
0;0.6294444575388398;0.6353749852524035;0.4805555663175053;0.7555520393782191
1;0.6802777903878854;0.5939111539990538;0.3850000084688266;0.8575327715939945
2;0.6966666792726351;0.573407985487332;0.3827777859237459;0.9016536196072896
3;0.7086111236053209;0.557868760286106;0.46444445471796725;0.8403464056551456
4;0.7209722341762649;0.5442803132606463;0.4622222326695919;0.8195909961230226
5;0.7298611230320401;0.5339829407735831;0.4583333435985777;0.926492336185442
6;0.7350000118008918;0.5152024057435078;0.5100000115732352;0.8325744763844543
7;0.7436111225746572;0.5031886537662811;0.5927777885562844;0.7568953782733944
8;0.7518055674826933;0.49483210291558255;0.5644444556285938;0.7347394786775112
9;0.7581944555872017;0.4730438208686084;0.49888889822694993;1.1388537750475936
10;0.7683333447927402;0.46191141271750286;0.6055555667728185;0.7805180397712522
11;0.7758333440559606;0.4508733390080225;0.5594444553057353;0.8910301681607962
12;0.7809722329179446;0.4433492785898529;0.34444445164667237;1.4014942914247512
13;0.7890277881071799;0.42755079445026545;0.5066666769070758;1.0955075139386787
14;0.7881944549373454;0.422544195079374;0.43500000917249254;1.2646845837848053
0;0.6313889;0.6382452217965491;0.519444465637207;0.7226109109818936
1;0.6751389;0.5938438589270744;0.48222222924232483;0.7298092282480664
2;0.6998611;0.5702763766257299;0.5233333110809326;0.7579106832544009
3;0.71055555;0.5554224235005677;0.5222222208976746;0.7820555632313092
4;0.71958333;0.542880821077981;0.5333333611488342;0.7865313514653179
5;0.7248611;0.5297467141334589;0.4877777695655823;0.9254692240721649
6;0.7420833;0.510689375695074;0.5677777528762817;0.7523560238381227
7;0.74;0.5039509442815971;0.5161111354827881;0.8202739916327927
8;0.75416666;0.48739231001689204;0.5505555272102356;0.8920428745862511
9;0.76;0.4751493500907802;0.5011110901832581;1.03686422875358
10;0.7658333;0.4586294878597578;0.4883333444595337;1.0379896831595234
11;0.77305555;0.45376152735617425;0.5166666507720947;1.0165251797686021
12;0.77958333;0.4415396349840901;0.5666666626930237;0.8729534487757418
13;0.7866667;0.42580347282411013;0.4722222089767456;1.0962241401068038
14;0.7936111;0.41564975357937833;0.5483333468437195;1.0860562542246448
0;0.62222224;0.6420227400234176;0.5811111330986023;0.6724692264364825
1;0.6795833;0.5934405430013107;0.4566666781902313;0.838927299529314
2;0.69430554;0.571328447966112;0.46888887882232666;0.8550775226619508
3;0.70444447;0.5555194584549301;0.45500001311302185;0.8626451705065038
4;0.72402775;0.541732673590175;0.5588889122009277;0.7597121982110872
5;0.72444445;0.529718716437411;0.4672222137451172;0.8817512796156937
6;0.7315278;0.5177628371217805;0.5083333253860474;0.8246775872177547
7;0.7494444;0.500744956292005;0.4333333373069763;1.0510872537063227
8;0.7515278;0.4908629514406332;0.6438888907432556;0.6876869015809562
9;0.7558333;0.4767421246402793;0.41555556654930115;1.0710858501493932
10;0.76569444;0.4627497961899886;0.4566666781902313;1.0979861880342165
11;0.77194446;0.4547360687400214;0.49666666984558105;1.0525882261494794
12;0.77791667;0.44427982508851627;0.4772222340106964;1.1481507786860068
13;0.7831944;0.4319788590694467;0.4566666781902313;1.1474018698765172
14;0.79236114;0.4221508723961759;0.47999998927116394;1.1504983220663336
0;0.62583333;0.6359478645854526;0.4355555474758148;0.774794233424796
1;0.6776389;0.5911255090911355;0.4838888943195343;0.7686762110226684
2;0.69819444;0.5721625177241448;0.5600000023841858;0.7459673888981342
3;0.70611113;0.5568186980672181;0.4749999940395355;0.8352898476852311
4;0.72444445;0.5362914906297293;0.5249999761581421;0.7964740988694959
5;0.7320833;0.5233442280751963;0.45444443821907043;1.0389433246933752
6;0.7375;0.5114187530759308;0.507777750492096;0.78940085462398
7;0.75722224;0.49498753073211343;0.5322222113609314;0.7862681989868482
8;0.7551389;0.4884770636627864;0.48277777433395386;0.9857154553549157
9;0.76055557;0.4687922869395051;0.42888888716697693;1.2488207678000132
10;0.76819444;0.4614930706978258;0.5533333420753479;0.879999798660477
11;0.7797222;0.4493575804375319;0.5816666483879089;0.8087523821741343
12;0.77805555;0.43688967696313435;0.5177778005599976;0.9495804878158702
13;0.7872222;0.42790947776941013;0.5688889026641846;0.9238395204146703
14;0.7977778;0.41170291412854565;0.5199999809265137;0.9199632958405548
0;0.62680554;0.6404162030356626;0.3883333206176758;0.8538407983051406
1;0.6825;0.5883592352995441;0.5138888955116272;0.7636076163086626
2;0.69805557;0.5727343957974679;0.5522222518920898;0.7484890768925349
3;0.70013887;0.5591464376180536;0.4749999940395355;0.8212225999683141
4;0.7191667;0.5409550119501849;0.496111124753952;0.8813833751198318
5;0.72652775;0.5300138394348324;0.5355555415153503;0.7773415143291156
6;0.73194444;0.5192225815029815;0.5594444274902344;0.8538391505678494
7;0.73986113;0.5054746910412279;0.5766666531562805;0.7606237595486972
8;0.74625;0.49684039921396306;0.5494444370269775;0.7688197775433461
9;0.75416666;0.4836287204667719;0.5688889026641846;0.8151324062297741
10;0.7648611;0.4682934472621936;0.5772222280502319;0.8048912684536642
11;0.7679167;0.45817010926004714;0.4466666579246521;0.9363191154268052
12;0.7727778;0.44778716989870493;0.4138889014720917;1.3046209207839436
13;0.78208333;0.44235220501302847;0.5461111068725586;0.9646105818864372
14;0.79152775;0.4302650229528404;0.44388890266418457;1.2800296632779968
0;0.6286111;0.6433881878542403;0.41277778148651123;0.8275605745613575
1;0.6836111;0.5933980604323248;0.6072221994400024;0.6737849553426106
2;0.69708335;0.5728650306273873;0.4122222363948822;0.9662100131313006
3;0.7038889;0.5571073843373193;0.6016666889190674;0.6883693804757463
4;0.71805555;0.5454486727714538;0.6311110854148865;0.6927752473288112
5;0.7201389;0.530493169112338;0.41277778148651123;0.9191958790851964
6;0.7345833;0.5219164816300488;0.38333332538604736;1.0411446722845237
7;0.7434722;0.5066907743845755;0.47777777910232544;0.9120286904275418
8;0.74791664;0.4915849645259894;0.4449999928474426;1.0170575731330447
9;0.7534722;0.4812570582881259;0.5322222113609314;0.8428795957109995
10;0.7638889;0.4627690373480113;0.5377777814865112;0.8715692455155982
11;0.7647222;0.4550232896141501;0.5727777481079102;0.857796127245658
12;0.7783333;0.4381870852071895;0.5288888812065125;0.9984512399468157
13;0.7843056;0.42967736489825054;0.46833333373069763;1.1370386844293938
14;0.78597224;0.419050274753762;0.4583333432674408;1.2276688541803096
15;0.7956945;0.41138642575145545;0.43833333253860474;1.332160367216501
16;0.8036111;0.4030083742212608;0.5638889074325562;0.9926828450212876
17;0.80583334;0.3905604913806504;0.4555555582046509;1.2383955762618117
18;0.8073611;0.38377891522751373;0.5099999904632568;1.3105195706503259
19;0.8130556;0.3779243036322037;0.4444444477558136;1.5060687392950058
0;0.63055557;0.6398579769353899;0.42055556178092957;0.7775157239702013
1;0.68027776;0.5915948441355593;0.5988888740539551;0.6874340342978636
2;0.6951389;0.5698978123720735;0.3822222352027893;0.9278901010751724
3;0.7173611;0.549477248907917;0.3794444501399994;1.0859668403036065
4;0.7172222;0.5438175550144579;0.5049999952316284;0.8277574318150679
5;0.7326389;0.5240858427973257;0.6033333539962769;0.7995331402454111
6;0.73583335;0.5076725755378397;0.5649999976158142;0.8155693491299947
7;0.745;0.49778673176705424;0.40611112117767334;1.0612293089429536
8;0.7575;0.480910495425471;0.4144444465637207;1.144709772285488
9;0.75722224;0.47124100291661714;0.5005555748939514;1.0160912226885557
10;0.77097225;0.4566027539125773;0.4883333444595337;1.072959963252975
11;0.7813889;0.4397411689970694;0.5133333206176758;0.9982967599812481
12;0.7822222;0.4361334444301772;0.48944443464279175;1.2091299295011493
13;0.79333335;0.4230356916937227;0.5255555510520935;1.005496761099332
14;0.80236113;0.41307238965657433;0.5288888812065125;1.0088742015055485
15;0.8015278;0.40392100046285323;0.45500001311302185;1.1697430075042778
16;0.8061111;0.39701070393865745;0.523888885974884;1.2024594051763415
17;0.8129167;0.38001830193615105;0.4722222089767456;1.4613077892818385
18;0.8113889;0.3765781661822176;0.5105555653572083;1.311708808069428
19;0.81819445;0.3708901146950666;0.4749999940395355;1.4044380288157199
20;0.82430553;0.35982100243491005;0.5638889074325562;1.104722883747632
21;0.81972224;0.3598958695797895;0.4694444537162781;1.6117121190350088
22;0.83444446;0.34106477847065736;0.5416666865348816;1.296781136871626
23;0.8325;0.35110389162671507;0.4927777647972107;1.451892965576715
24;0.83305556;0.34000280633723984;0.43888887763023376;1.7095303246337505
0;0.6288889;0.6420600559976366;0.4699999988079071;0.7465202814175023
1;0.6736111;0.5964020895668202;0.3561111092567444;0.9041884121795495
2;0.7022222;0.5696300871980687;0.45944443345069885;0.8777552723884583
3;0.7088889;0.558872846989996;0.4855555593967438;0.9006879256831275
4;0.71625;0.5446294609922916;0.4833333194255829;0.8638842387331856
5;0.7276389;0.528817020648987;0.46166667342185974;0.9013989555752939
6;0.7355555;0.5158311584860914;0.5199999809265137;0.8957213214288156
7;0.7390278;0.5072252393493222;0.6072221994400024;0.7407363742589951
8;0.74875;0.4926929785068043;0.472777783870697;0.9690274538679255
9;0.7623611;0.47410170238516813;0.5366666913032532;0.8371948491368029
10;0.7673611;0.4624267174513079;0.472777783870697;0.9577397365123034
11;0.77375;0.45230216831356906;0.4983333349227905;0.9731095206406382
12;0.78375;0.4403699695559529;0.39666667580604553;1.4327311493456363
13;0.78875;0.42769730746771933;0.5166666507720947;1.0500307010693684
14;0.7961111;0.4158191140417734;0.4927777647972107;1.1369789294070667
0;0.6301389;0.6362187665783696;0.6494444608688354;0.6318946354091167
1;0.6790278;0.5917301987090873;0.5022222399711609;0.7882224854495791
2;0.69166666;0.5706240515017675;0.5916666388511658;0.7063662014073796
3;0.7097222;0.5535450236664878;0.5183333158493042;0.8064305205725961
4;0.7176389;0.5408452208205644;0.4911110997200012;0.8116437424802118
5;0.72875;0.5237871541227731;0.4633333384990692;0.91745402680503
6;0.73236114;0.514888142546018;0.5616666674613953;0.7402358166459534
7;0.7401389;0.5030344100332715;0.48277777433395386;0.8795305760784282
8;0.7505556;0.4839303318126541;0.5038889050483704;0.9454746176799138
9;0.7623611;0.469379831052437;0.5299999713897705;0.893510864323212
10;0.7652778;0.46289912313481585;0.44777777791023254;1.0849087987509038
11;0.7713889;0.45558037165578247;0.6211110949516296;0.8141063729404575
12;0.78;0.44015247960600795;0.42722222208976746;1.1406035001079242
13;0.78152776;0.4321158970408659;0.38333332538604736;1.1914243228733539
14;0.78291667;0.42781551280770347;0.4877777695655823;1.076274765531222
15;0.7898611;0.4138280231677022;0.43111109733581543;1.310523813093702
16;0.7965278;0.4094785193278868;0.5061110854148865;1.10991590614948
17;0.79555553;0.4050853124282892;0.4716666638851166;1.3832165760712491
18;0.80083334;0.391872076100996;0.4911110997200012;1.2260034119089445
19;0.8051389;0.38962790266151487;0.472777783870697;1.1766460039135482
20;0.81430554;0.38048440716916554;0.522777795791626;1.2544846668425533
21;0.81569445;0.3733162986903658;0.46888887882232666;1.3986944383217228
22;0.82222223;0.3627403508955063;0.5188888907432556;1.389346547342009
23;0.82416666;0.36423983714080854;0.42444443702697754;1.5107555765658618
24;0.8297222;0.3575896458406027;0.49888888001441956;1.230340056038565
25;0.82666665;0.34998989651237733;0.5116666555404663;1.4851676679112844
26;0.8308333;0.35273445190962066;0.504444420337677;1.385560004061295
27;0.8304167;0.34055212965799403;0.49888888001441956;1.3415140179917215
28;0.83305556;0.34809825421333596;0.4866666793823242;1.3661615846678614
29;0.83805555;0.3339184963390936;0.47611111402511597;1.5980204961366125
30;0.83875;0.33274218354970597;0.5011110901832581;1.4012777775733007
31;0.8456944;0.33478367531934056;0.46222221851348877;1.570765995234251
32;0.8418056;0.3225811569183785;0.5094444155693054;1.633216460297505
33;0.8501389;0.3144230388771474;0.5205555558204651;1.8112737593758437
34;0.85152775;0.3124539808399277;0.5361111164093018;1.7137007342237565
0;0.63055557;0.6421042824164033;0.4188888967037201;0.8095054195159012
1;0.68291664;0.5888332405334545;0.6183333396911621;0.6837937544617388
2;0.6923611;0.5717853534656266;0.5333333611488342;0.7482632820804914
3;0.7127778;0.5555455305303136;0.6511111259460449;0.6427020778672563
4;0.7161111;0.5462211501112001;0.449444442987442;0.8928241801758607
5;0.72291666;0.5328512073287534;0.5366666913032532;0.7613304352594746
6;0.7327778;0.520616411857514;0.46833333373069763;0.9047262541121907
7;0.74583334;0.5024516020047789;0.41999998688697815;1.0177862787826193
8;0.75166667;0.49132669639980625;0.528333306312561;0.8567018231583966
9;0.75777775;0.47922463754916356;0.5605555772781372;0.9047916851730811
10;0.7644445;0.4728427988709882;0.4322222173213959;1.138428435060713
11;0.7677778;0.45723119686461156;0.5049999952316284;0.9728062520010604
12;0.78041667;0.4449880064930767;0.40666666626930237;1.23509590215981
13;0.7831944;0.43143532082176533;0.4561111032962799;1.132371593101157
14;0.7902778;0.4268135280348361;0.4566666781902313;1.1508296804709568
15;0.7911111;0.4194092713851003;0.5061110854148865;0.9946047027491861
16;0.79944444;0.4008009240800877;0.4955555498600006;1.206690821920832
17;0.8040278;0.3987510332973519;0.4983333349227905;1.1329726247323884
18;0.8090278;0.3868848890761405;0.43444445729255676;1.3120857482569086
19;0.8123611;0.38629659599820215;0.4555555582046509;1.391681565427118
20;0.8244445;0.371751207771821;0.5183333158493042;1.2046068899954359
21;0.8283333;0.36729095220410574;0.4950000047683716;1.155830574946271
22;0.82027775;0.3656469293404371;0.4772222340106964;1.4263262084788746
23;0.8277778;0.35430263956148134;0.5122222304344177;1.276903359654049
24;0.83597225;0.3385846380470159;0.5;1.3160842150656713
25;0.83208334;0.3516296170119252;0.5066666603088379;1.2186135626087586
26;0.83652776;0.33883472129216696;0.5099999904632568;1.3098770239493913
27;0.83875;0.33541181137956705;0.4472222328186035;1.6020437540486454
28;0.8422222;0.33148292274951624;0.47333332896232605;1.4499821143845717
29;0.84847224;0.32155071119114936;0.48277777433395386;1.69223237944146
30;0.8497222;0.3144490030967063;0.4811111092567444;1.497083811213573
31;0.8475;0.32318428839130636;0.5055555701255798;1.4338299836446013
32;0.85;0.30725303419902855;0.47111111879348755;1.6211958477066624
33;0.8511111;0.3066807102997422;0.48722222447395325;1.8872088608125017
34;0.8572222;0.3000123105279474;0.4877777695655823;1.7810783116871285
0;0.62930554;0.6406055474964281;0.5616666674613953;0.7125881979862849
1;0.68375;0.5942169565293524;0.5111111402511597;0.7703686145444711
2;0.69319445;0.5754504055819578;0.38333332538604736;0.9126399874687194
3;0.70166665;0.562761380078478;0.4399999976158142;0.8745642772151364
4;0.7198611;0.5486829695498778;0.4744444489479065;0.8291020507613818
5;0.7326389;0.5287544073847433;0.4566666781902313;0.9332987313469251
6;0.73430556;0.5155323431154506;0.47055554389953613;0.8632350274258189
7;0.74430555;0.504251017098108;0.4605555534362793;0.9247186467051506
8;0.7511111;0.4891605711335109;0.45722222328186035;0.8967979162517521
9;0.7615278;0.4716240172882357;0.4027777910232544;1.039069220672051
10;0.7647222;0.46397961906105695;0.5099999904632568;1.018891708759798
11;0.7772222;0.4527530754256683;0.5211111307144165;1.0211350368956724
12;0.78347224;0.43921897716483926;0.519444465637207;0.9994196586310864
13;0.78194445;0.4298207882423109;0.49388888478279114;1.13564731006821
14;0.7916667;0.4199574785617491;0.5377777814865112;1.156314503132469
15;0.79638886;0.40536772180518404;0.601111114025116;0.9378781882114708
16;0.80916667;0.40084800298290146;0.5661110877990723;1.1465096712526348
17;0.80819446;0.39099018164237753;0.4305555522441864;1.3739965779499874
18;0.81027776;0.3840371635516122;0.5411111116409302;1.291837890798019
19;0.8208333;0.36779321403155335;0.5188888907432556;1.3192657387091054
20;0.8188889;0.375878043590314;0.528333306312561;1.4568187868429554
21;0.82555556;0.36331101695525125;0.4377777874469757;1.6911267509477006
22;0.8304167;0.3552837940796356;0.4694444537162781;1.5042511093947621
23;0.83444446;0.3547021958995578;0.5433333516120911;1.2398949991497727
24;0.8413889;0.339117115844662;0.4699999988079071;1.6302122687713967
25;0.8426389;0.3363662831655852;0.5149999856948853;1.5263314221054316
26;0.84041667;0.3352201776434716;0.5350000262260437;1.3691726388823655
27;0.8491667;0.33341201821692973;0.4722222089767456;1.6783438981200258
28;0.8472222;0.329403566050208;0.4983333349227905;1.5361314436006877
29;0.8448611;0.32282191182421227;0.5099999904632568;1.8057789052112234
30;0.8522222;0.31985470544863753;0.4483333230018616;1.8255317563191056
31;0.85625;0.3117998080853593;0.41333332657814026;2.110907390506731
32;0.8506944;0.3109930771727603;0.5011110901832581;1.6013152294895716
33;0.85930556;0.30439745804946544;0.5177778005599976;1.707319797637562
34;0.86041665;0.2988648706804371;0.42444443702697754;2.4567780116779936
35;0.8636111;0.29216038099309827;0.5450000166893005;1.7406396361326593
36;0.8670833;0.2912248753607047;0.4977777898311615;1.7382003092517455
37;0.8611111;0.29201044770872814;0.5316666960716248;1.67280214406136
38;0.86569446;0.28576000640904464;0.4749999940395355;2.4013571728176126
39;0.87069446;0.28434274663667464;0.4933333396911621;1.9733515637305876
40;0.86625;0.28301123790765814;0.5322222113609314;1.8881436892785133
41;0.8775;0.2719696473895776;0.49222221970558167;2.1363882965511745
42;0.8773611;0.2695905637331735;0.5144444704055786;2.166489073416839
43;0.87708336;0.27910674855989126;0.5344444513320923;1.8469090467474112
44;0.8769444;0.2749949127916302;0.472777783870697;2.5428432961304983
45;0.8773611;0.27146089422573266;0.5144444704055786;2.250202752587696
46;0.8775;0.2720904655412495;0.5299999713897705;2.2717743901018466
47;0.87916666;0.2664552100605773;0.504444420337677;2.3089038573412433
48;0.8773611;0.26542606062495605;0.522777795791626;2.322381549395828
49;0.8775;0.2622243032861993;0.49166667461395264;2.416726885891209
0;0.62583333;0.6435435840860009;0.49388888478279114;0.7248290883998076
1;0.6755555;0.5940027698977954;0.4511111080646515;0.859597358521488
2;0.70375;0.5686137145850807;0.676111102104187;0.6192754777769248
3;0.70416665;0.5587899195495993;0.602222204208374;0.6789536915305588
4;0.71708333;0.5480223029955393;0.527222216129303;0.7590690996083949
5;0.72402775;0.5277272387925122;0.5266666412353516;0.8038029531016946
6;0.73972225;0.5122664069498165;0.5894444584846497;0.7217783519377311
7;0.74625;0.49669072453139557;0.504444420337677;0.9242704557875793
8;0.7504167;0.48908024033169367;0.4577777683734894;1.064281338536077
9;0.765;0.46826159927942274;0.46888887882232666;1.105135427498155
10;0.7723611;0.4552513325664525;0.4650000035762787;1.180313996101419
11;0.7798611;0.4466771738603711;0.4577777683734894;1.113255198382669
12;0.7786111;0.43773897930396843;0.42500001192092896;1.3010284916808208
13;0.7888889;0.4196275484806392;0.574999988079071;0.9802112592177259
14;0.80083334;0.4095379248914671;0.49166667461395264;1.0499816280686194
15;0.80027777;0.4062449656349296;0.5038889050483704;1.1099569052871732
16;0.8045833;0.396116580763434;0.47055554389953613;1.250575729045603
17;0.81333333;0.3851212478828125;0.5288888812065125;1.105546079389751
18;0.8161111;0.38216686211603196;0.5133333206176758;1.292894344818261
19;0.82277775;0.36662227645041034;0.47055554389953613;1.6248712836868233
20;0.8204167;0.36093479174435034;0.5633333325386047;1.1661325924926333
21;0.83013886;0.35330113077951764;0.4449999928474426;1.547316566730539
22;0.83375;0.3446881571064296;0.5277777910232544;1.4164266689266596
23;0.83597225;0.3441621601777216;0.527222216129303;1.3837456694700652
24;0.8411111;0.3305217646983825;0.46666666865348816;1.6910093369169368
25;0.8448611;0.32421393463325027;0.5027777552604675;1.7900141035310095
26;0.8513889;0.31727188913479487;0.4883333444595337;1.5845734420128994
27;0.84597224;0.3232494290589077;0.5177778005599976;1.7545976660731766
28;0.8516667;0.3125989980942702;0.527222216129303;1.4576713366433978
29;0.8502778;0.3156336435489316;0.4611110985279083;1.8448936799541116
30;0.85402775;0.30366540557135724;0.49000000953674316;1.8947522757574915
31;0.8590278;0.3001155205241926;0.519444465637207;1.6572005396708847
32;0.85805553;0.299726493393905;0.5327777862548828;1.5006561625852353
33;0.8641667;0.2941422193289321;0.5383333563804626;1.6350976875465777
34;0.86722225;0.2872927899504652;0.46388888359069824;1.7668319086647697
35;0.86472225;0.28906541124303353;0.4927777647972107;1.8881263346721728
36;0.86541665;0.2875868431116639;0.48722222447395325;1.788396596411864
37;0.8695833;0.2866216904103971;0.5199999809265137;2.0806951294342677
38;0.8745833;0.27531345175434835;0.49000000953674316;1.7956823422470027
39;0.86972225;0.2817789205323859;0.472777783870697;1.9992372079752385
40;0.86944443;0.27366348161580795;0.4672222137451172;2.0354514682251548
41;0.87583333;0.2671182171458996;0.5172222256660461;1.8894689537895222
42;0.8813889;0.2592740905428703;0.507777750492096;1.8632885341429049
43;0.8745833;0.26216950110703324;0.48222222924232483;2.005859997433921
44;0.8790278;0.2580703467953754;0.47555556893348694;2.1209472703074828
45;0.88180554;0.2555249317318713;0.4744444489479065;2.221923741739657
46;0.8823611;0.25284078989186837;0.45500001311302185;2.355654395826989
47;0.8755556;0.25937221659421666;0.5022222399711609;2.092398889342116
48;0.88666666;0.24712766781838177;0.4883333444595337;2.2164194129562627
49;0.88180554;0.24866535782311092;0.4888888895511627;2.366746476261566
50;0.8838889;0.2602891394781965;0.4977777898311615;2.1828175724794465
51;0.8869445;0.2441410961319727;0.48222222924232483;1.9830752656174202
52;0.8913889;0.24611493915618748;0.46444445848464966;2.3849607316466668
53;0.8826389;0.2514111129243929;0.4977777898311615;2.3284322551037704
54;0.8923611;0.2336045182615332;0.4399999976158142;2.717539806043108
55;0.8908333;0.23831317620205886;0.4833333194255829;2.4089231100386113
56;0.8897222;0.2386041564841662;0.5338888764381409;1.851099906127072
57;0.89125;0.2361391476023477;0.4722222089767456;2.062645549254699
58;0.89805555;0.22664682956153684;0.4838888943195343;2.4234675726025467
59;0.895;0.22767683113817155;0.43388888239860535;2.509429665406545
60;0.89069444;0.22969530592861437;0.48500001430511475;2.3818804853026654
61;0.89444447;0.2284581139037112;0.5055555701255798;2.113888882069538
62;0.9011111;0.2229388348958034;0.5022222399711609;2.5405267156608815
63;0.8890278;0.23951376064152707;0.4983333349227905;2.391809482427521
64;0.89847225;0.22037202999516195;0.5333333611488342;2.1633647316083726
65;0.8993056;0.22131708240276313;0.5105555653572083;2.189588787034154
66;0.8925;0.2293713269056291;0.5327777862548828;2.0941603556340045
67;0.9051389;0.21419037940375082;0.5105555653572083;2.4357360577986884
68;0.9022222;0.21812364148678778;0.5011110901832581;2.6168887251431845
69;0.90194446;0.21275271493145975;0.5105555653572083;2.311389817483723
70;0.90416664;0.21652521329471155;0.5255555510520935;2.333992555060993
71;0.8993056;0.20743716815633775;0.5116666555404663;2.370475338185982
72;0.90555555;0.20739786895286758;0.5188888907432556;2.3004437416875994
73;0.90625;0.20824615195533386;0.507777750492096;2.592806549910973
74;0.90347224;0.20813831156909796;0.5188888907432556;2.507829323178157
75;0.90194446;0.20816447689326012;0.45500001311302185;2.624145554140624
76;0.90291667;0.22190576787909794;0.5422222018241882;1.9705380523435048
77;0.90833336;0.19911632024373868;0.5177778005599976;2.6475140071008356
78;0.90694445;0.21213510665047067;0.5550000071525574;2.42933856431757
79;0.9077778;0.19932470946840164;0.5266666412353516;2.620800201056732
0;0.6365278;0.635579018191331;0.605555534362793;0.6550699296924803
1;0.68180555;0.5897344184315039;0.3655555546283722;0.9091313305000465
2;0.7008333;0.5637276785758635;0.4633333384990692;0.8666874042815632
3;0.70902777;0.5574930263579719;0.5550000071525574;0.7211420368403196
4;0.71958333;0.5453828780394462;0.5911111235618591;0.6898489690489239
5;0.7341667;0.5294699713898202;0.39222222566604614;1.0108154185116291
6;0.7325;0.5189668997475464;0.504444420337677;0.8624680078691906
7;0.7440278;0.5010704049012727;0.5649999976158142;0.75342308651242
8;0.7540278;0.49103683270772713;0.5138888955116272;0.8930670458409521
9;0.76180553;0.4766841169737745;0.5322222113609314;0.8467322819762759
10;0.7697222;0.4598266830823074;0.5472221970558167;0.8764201826933358
11;0.77805555;0.44982075631204577;0.4194444417953491;1.054864359026154
12;0.7838889;0.4404626312484551;0.48500001430511475;1.0650810065782732
13;0.7895833;0.4286833109444059;0.48944443464279175;1.1594434649580054
14;0.7901389;0.42075452463500873;0.5588889122009277;0.8876177113451478
15;0.7991667;0.41135818059944235;0.5344444513320923;1.055424684472382
16;0.80819446;0.39701495615817195;0.5183333158493042;1.000525927791993
17;0.81222224;0.3879739405354485;0.5105555653572083;1.1695051556246148
18;0.8176389;0.37706710395771853;0.5477777719497681;1.173123404238787
19;0.82625;0.37025122121267484;0.4972222149372101;1.3891753687626787
20;0.8225;0.3605585306338778;0.5266666412353516;1.2839627881534397
21;0.82458335;0.3600771182776953;0.5244444608688354;1.1877821229605212
22;0.83902776;0.3472328111335325;0.5244444608688354;1.4471209755167365
23;0.8358333;0.34502872108019395;0.46388888359069824;1.5025389378683434
24;0.8408333;0.3361940619610525;0.49000000953674316;1.36532115607212
25;0.84791666;0.32694514683712944;0.5405555367469788;1.3376268329512742
26;0.8426389;0.33402505696463375;0.4788888990879059;1.4230873660184442
27;0.84805554;0.32710103589376255;0.4561111032962799;1.7441066436986956
28;0.8513889;0.31843217417702163;0.4838888943195343;1.5579733754404717
29;0.8551389;0.31246213381333393;0.5372222065925598;1.585375202116039
30;0.8576389;0.30787057016073555;0.5394444465637207;1.4831410605977806
31;0.8570833;0.3038602205800089;0.49388888478279114;1.6730205947326289
32;0.86180556;0.2964532241692925;0.4855555593967438;1.7747285096595684
33;0.86083335;0.30004880359312425;0.5011110901832581;1.7965234556028413
34;0.86472225;0.29948069455453935;0.5211111307144165;1.6267929470994407
35;0.86583334;0.2928634334689428;0.5027777552604675;1.6705558306227128
36;0.8661111;0.28941265679578565;0.5155555605888367;1.901398765611359
37;0.86472225;0.2904110415633558;0.5555555820465088;1.60008487222561
38;0.8675;0.28657212500847135;0.49444442987442017;1.763912562177413
39;0.8709722;0.277581834818587;0.4877777695655823;2.0758494165312085
40;0.8761111;0.27921550362590325;0.5527777671813965;1.7696133095822815
41;0.88208336;0.2705625152236583;0.5177778005599976;2.0706947043641573
42;0.8765278;0.2758528049436671;0.5233333110809326;1.9638917920904027
43;0.88125;0.2664106409384001;0.4838888943195343;1.7955336856862738
44;0.8836111;0.25737329810849785;0.47611111402511597;2.1031458066310735
45;0.8888889;0.2508143211365526;0.4866666793823242;2.0385630953850016
46;0.88375;0.25985065663089446;0.48444443941116333;2.309167357115075
47;0.8875;0.25423064280023483;0.5472221970558167;1.8609194415104058
48;0.8877778;0.24808520226404704;0.504444420337677;2.175733063845999
49;0.88180554;0.2565018549609549;0.4883333444595337;2.4019640191716864
50;0.88763887;0.25440071478165643;0.5361111164093018;2.0781889028329816
51;0.8927778;0.25008122458620163;0.5116666555404663;2.017964646033943
52;0.88875;0.2492443316911047;0.5488888621330261;1.893700344544939
53;0.89069444;0.24056744841090688;0.48055556416511536;2.2657073048046894
54;0.8904167;0.24722044386474712;0.5255555510520935;2.1735979459351964
0;0.6329167;0.6416165953398578;0.5722222328186035;0.6872758860389392
1;0.68319446;0.5938085929387146;0.5105555653572083;0.7807953837017219
2;0.69180554;0.5728236831362463;0.4283333420753479;0.8955196877320607
3;0.71416664;0.5567209449182782;0.6316666603088379;0.6601923995133904
4;0.7161111;0.544070582324639;0.41999998688697815;1.1164503237853447
5;0.7270833;0.5333948059473187;0.41555556654930115;0.9020268007285065
6;0.73694444;0.5134493031021622;0.5572222471237183;0.8411235563870934
7;0.74472225;0.5049690033412642;0.5572222471237183;0.801233103705777
8;0.74291664;0.49410956679429446;0.49944445490837097;0.898691999581125
9;0.76111114;0.47260351591588307;0.5483333468437195;0.8815475896828704
10;0.7733333;0.46246433164277634;0.5488888621330261;0.8558345084389051
11;0.7736111;0.4560167626128532;0.48055556416511536;1.0643990516662598
12;0.7793056;0.43932601626729595;0.5327777862548828;1.0203379295559394
13;0.78583336;0.42789972689804723;0.5477777719497681;0.8470454647723171
14;0.7947222;0.41881990615575987;0.47555556893348694;1.1989694804574051
15;0.8030556;0.40566667422471153;0.5183333158493042;1.1716294411776795
16;0.8038889;0.39188506691077946;0.4955555498600006;1.2076679586122434
17;0.81083333;0.387644574348168;0.4794444441795349;1.325899217174285
18;0.8138889;0.3823320607828868;0.4749999940395355;1.1166462494267357
19;0.81458336;0.37113033557050384;0.5199999809265137;1.2587985816929075
20;0.8223611;0.36778749367060504;0.5288888812065125;1.1809825743445093
21;0.8234722;0.36006590907879094;0.46166667342185974;1.5153119695683321
22;0.8309722;0.351744260565844;0.4277777671813965;1.528271472081542
23;0.8318055;0.3489465049501935;0.5644444227218628;1.2133224568536711
24;0.83319443;0.34137794970366586;0.43166667222976685;2.0852313821514445
25;0.83958334;0.33917444411377395;0.5133333206176758;1.440885395825737
26;0.84166664;0.33822925985829594;0.5299999713897705;1.1878648241050542
27;0.84125;0.3263313335584017;0.4399999976158142;1.6832020310892
28;0.84305555;0.3216962685625226;0.5311111211776733;1.5550537277737426
29;0.84875;0.32088938660567184;0.5299999713897705;1.4875976058033606
30;0.8525;0.31504400485721107;0.46666666865348816;1.6508433014982276
31;0.8552778;0.30882799027709146;0.5249999761581421;1.652573949853993
32;0.85333335;0.31354711772704225;0.4955555498600006;1.616929826223188
33;0.8605555;0.30104551799255813;0.523888885974884;1.4358703827692403
34;0.85736114;0.30194366932162653;0.48277777433395386;1.7244689574982557
35;0.86944443;0.2947345964077209;0.5072222352027893;1.531730388270484
36;0.8630555;0.29360826469460494;0.4933333396911621;1.5233748687534696
37;0.8636111;0.2960681995069725;0.5083333253860474;1.6551236259647542
38;0.8666667;0.2816420391340089;0.49000000953674316;1.6516705112842223
39;0.86875;0.28038455324569644;0.4744444489479065;1.8848579713039928
40;0.8730556;0.2843128975871094;0.5305555462837219;1.432466931051264
41;0.87;0.2769748803008244;0.4905555546283722;1.8885369435884058
42;0.87333333;0.27709710047354735;0.46666666865348816;2.0281449359634682
43;0.87083334;0.26520606088612214;0.49388888478279114;1.7932072792409195
44;0.87291664;0.2688325445710663;0.48444443941116333;1.8431842234503064
45;0.8730556;0.2634060421332025;0.5188888907432556;1.8255364161502157
46;0.8776389;0.26337372467713466;0.5266666412353516;1.9670883165982862
47;0.8761111;0.2675578610245274;0.5216666460037231;2.1693495225937416
48;0.8779167;0.2596314320940072;0.5094444155693054;1.8608488718047738
49;0.8773611;0.2595730516747305;0.5005555748939514;1.871779815795728
50;0.8848611;0.2595996004058372;0.4933333396911621;1.873015901291122
51;0.8865278;0.25325269099057424;0.5066666603088379;2.1839405929643867
52;0.88416666;0.2531756881873763;0.4794444441795349;2.235652124043554
53;0.8863889;0.24330641312015;0.49666666984558105;1.9248799644824532
54;0.8875;0.2443047429449507;0.5316666960716248;1.9799107672840668
55;0.88763887;0.25083254107798386;0.4699999988079071;2.4461830811575056
56;0.8929167;0.2338063302536341;0.5122222304344177;1.8706716108963721
57;0.8904167;0.23932294646368524;0.5149999856948853;1.862454163764293
58;0.8902778;0.24002612840812357;0.5088889002799988;2.088112414964578
59;0.88875;0.24556260651201428;0.4816666543483734;2.462991334296142
0;0.63611114;0.6375212415845858;0.5550000071525574;0.7008798624078433
1;0.68222225;0.590411444960369;0.41277778148651123;0.8837476886808873
2;0.69527775;0.5762609175509876;0.5861111283302307;0.7059135037163894
3;0.7072222;0.5593019577674567;0.5305555462837219;0.7666807152744797
4;0.7161111;0.5451254036924285;0.527222216129303;0.789616065679325
5;0.7241667;0.5306751748081296;0.6077777743339539;0.710701068987449
6;0.7341667;0.5190206049449949;0.34333333373069763;1.0857098514007197
7;0.7391667;0.5101135610421705;0.5605555772781372;0.7326739954865641
8;0.74722224;0.49480882451559105;0.4977777898311615;0.9200817650804917
9;0.75625;0.4800801828658829;0.472777783870697;0.9357185554587178
10;0.76513886;0.46488453297578314;0.44777777791023254;1.0332370755987035
11;0.7698611;0.46025235504946777;0.41333332657814026;1.1406828828983837
12;0.77569443;0.44710520390896513;0.5772222280502319;0.8916691332848535
13;0.7748611;0.44211571322650545;0.5183333158493042;1.0561424576573901
14;0.7895833;0.42655341447162853;0.48722222447395325;1.0061185044133
15;0.7922222;0.42247632947336466;0.5016666650772095;0.9191057283845213
16;0.7976389;0.39977053802576845;0.44611111283302307;1.2766689580761723
17;0.7995833;0.3978119754303609;0.5133333206176758;1.1929014020082023
18;0.80916667;0.39175535913608556;0.4555555582046509;1.403042407375243
19;0.81319445;0.3816528805321367;0.5516666769981384;1.2275256478745076
20;0.8173611;0.3774554705877866;0.54666668176651;1.193917151602606
21;0.81583333;0.37127947142192474;0.44055554270744324;1.5040240050190026
22;0.8159722;0.36370345526407216;0.41777777671813965;1.6102785485072268
23;0.82458335;0.35789612330409;0.4950000047683716;1.508447528247618
24;0.82513887;0.3589886327563565;0.522777795791626;1.3460252900090484
25;0.8308333;0.3485196959958153;0.4816666543483734;1.4486634077297316
26;0.83347225;0.3416021365260046;0.49444442987442017;1.321186446522673
27;0.83875;0.33572474552119175;0.48444443941116333;1.489234872866008
28;0.8452778;0.3240115386964337;0.48055556416511536;1.6528927963227034
29;0.8452778;0.3283590451767446;0.44777777791023254;1.6793649674496718
30;0.8461111;0.328046755599563;0.48500001430511475;1.7842309887210528
31;0.84902775;0.3183442519384698;0.4749999940395355;1.6643347948375675
32;0.8461111;0.31644366881729286;0.5155555605888367;1.627688961641656
33;0.8513889;0.3067691157198245;0.49388888478279114;1.6466465070222815
34;0.85152775;0.3100843479211714;0.5233333110809326;1.3514236070215702
35;0.85375;0.3116793026467753;0.5488888621330261;1.6220369617040786
36;0.8597222;0.30038255718902496;0.49222221970558167;2.0682538461664484
37;0.8577778;0.3078058283349795;0.47555556893348694;2.064475324232545
38;0.8601389;0.2997563118795575;0.46388888359069824;2.1381447456984057
39;0.86083335;0.3020080985825795;0.5627777576446533;1.4721218125791184
40;0.86388886;0.2934697314043193;0.4655555486679077;2.0943005300333932
41;0.86833334;0.2761445756641504;0.5133333206176758;1.9576000024047162
42;0.8666667;0.29070310217771295;0.4877777695655823;1.9273880916958055
43;0.86625;0.27912173055476364;0.5405555367469788;1.9593443571900329
44;0.87027776;0.28363498012845917;0.47333332896232605;2.213388256314728
45;0.8680556;0.2822970631329326;0.4877777695655823;2.0538443357787197
46;0.8769444;0.2710089628284297;0.45500001311302185;2.3886408924435574
47;0.8690278;0.27499293250266926;0.45722222328186035;2.6331608757583633
48;0.8834722;0.26920667497634493;0.4905555546283722;2.4187354718852374
49;0.8788889;0.2694818638287845;0.4972222149372101;2.0971675855055865
50;0.87930554;0.2604183547857398;0.5144444704055786;1.9582581164936224
51;0.8723611;0.2723414932288102;0.5299999713897705;1.8369733668656814
52;0.8788889;0.26500669497365015;0.5027777552604675;2.026032482439445
53;0.88222224;0.2553883073842744;0.4566666781902313;2.474310980488857
54;0.88513887;0.2580375556425881;0.44333332777023315;2.544952995971673
55;0.88027775;0.26036160341673925;0.5066666603088379;2.2199306625045008
56;0.88527775;0.25680721044070903;0.48277777433395386;2.2455351930318606
57;0.89111114;0.2396126660062306;0.507777750492096;2.6307353225019243
58;0.8877778;0.2525765022967486;0.4950000047683716;2.3901857119364043
59;0.88958335;0.25109524833222724;0.5027777552604675;2.3533053087794946
60;0.8884722;0.249930413711853;0.46444445848464966;2.349501300499671
61;0.8863889;0.25474233274712693;0.4633333384990692;2.8134292116181716
62;0.8943055;0.2407444573065239;0.46888887882232666;2.3712483745999635
63;0.8894445;0.2547229464667604;0.48722222447395325;2.9101783146978253
64;0.88875;0.25049276472625986;0.5450000166893005;1.8638109098085098
65;0.8908333;0.24036158586772904;0.4722222089767456;2.7227023273913398
66;0.89069444;0.24074833078688773;0.4816666543483734;2.5949281114877927
67;0.8934722;0.2306066220245237;0.49388888478279114;2.4038439030345113
68;0.8927778;0.23624562079031633;0.48055556416511536;2.399607944281565
69;0.8929167;0.23883784096254507;0.4427777826786041;3.2003409117563733
0;0.62972224;0.6309983213639094;0.49944445490837097;0.714960116147995
1;0.68916667;0.5885764852890538;0.5038889050483704;0.7788993580473794
2;0.6951389;0.571188992391237;0.4744444489479065;0.8140900565518273
3;0.7063889;0.5586924658363892;0.6072221994400024;0.6825563066535526
4;0.71708333;0.5473314441430072;0.5344444513320923;0.7797965003798405
5;0.72333336;0.5310754688042734;0.5477777719497681;0.7631660179131561
6;0.7391667;0.5162324856863254;0.6583333611488342;0.6313406262132857
7;0.74430555;0.5012027399122922;0.5716666579246521;0.7332519860317309
8;0.7586111;0.4832551238980765;0.402222216129303;0.9738053435252773
9;0.75277776;0.4745592213688522;0.4911110997200012;0.9649438712331984
10;0.76708335;0.459916812545594;0.5622222423553467;0.8671873179367847
11;0.77319443;0.44864699854127443;0.5983333587646484;0.7925662875796358
12;0.78680557;0.43366128192347886;0.4588888883590698;1.1156698576278157
13;0.78583336;0.4298663895085661;0.5377777814865112;0.8563796671521332
14;0.79583335;0.4142862730530194;0.5972222089767456;0.8313013133282463
15;0.8020833;0.4040235815281954;0.5294444561004639;0.9847536352773507
16;0.8016667;0.39687491729604923;0.5927777886390686;0.9430885306042102
17;0.80777776;0.38227912354179555;0.5649999976158142;1.0466957978697287
18;0.8151389;0.37420404678268826;0.5405555367469788;1.04512733483894
19;0.8109722;0.36822858245739354;0.5455555319786072;1.0735589675294857
20;0.82680553;0.35608986757094196;0.4577777683734894;1.348137105214927
21;0.8308333;0.3514044723546249;0.5149999856948853;1.2717259695960417
22;0.83361113;0.34566623909141625;0.5450000166893005;1.2630963924030463
23;0.83319443;0.35138764063319994;0.4655555486679077;1.3742544650410613
24;0.8343056;0.33433854073044433;0.48277777433395386;1.4803543713771634
25;0.84055555;0.33184794841173343;0.4699999988079071;1.4307382819967138
26;0.84444445;0.3272932654102786;0.48055556416511536;1.687267029264735
27;0.84944445;0.318093660920052;0.528333306312561;1.3475965928596756
28;0.8477778;0.31449312041146665;0.5422222018241882;1.5071799422303835
29;0.85333335;0.3093831428568996;0.4833333194255829;1.5220248525651792
30;0.84944445;0.31103752190550343;0.48500001430511475;1.61990913040936
31;0.85180557;0.30180259576334517;0.504444420337677;1.4875300206657913
32;0.85791665;0.29113781573761216;0.5094444155693054;1.5228210020086004
33;0.8572222;0.3026608234394846;0.47833332419395447;1.507813431115614
34;0.8584722;0.29211840127807387;0.5;1.7222339581284258
35;0.86194444;0.2874446922713206;0.46888887882232666;1.7998627995968692
36;0.8625;0.28778253525659164;0.472777783870697;1.85995230515384
37;0.86388886;0.28819225643835833;0.4650000035762787;1.7975617387332021
38;0.86583334;0.28141216752698156;0.5388888716697693;1.543661987926397
39;0.86777776;0.27372019542547654;0.5049999952316284;1.7227399540133774
40;0.86722225;0.27932221623356884;0.5105555653572083;1.7678490329300984
41;0.8765278;0.2680763606236654;0.4888888895511627;1.7440564368334082
42;0.8736111;0.26409454739244764;0.5177778005599976;1.931896133125863
43;0.8745833;0.2684950532297181;0.5127778053283691;1.6913918022273315
44;0.8765278;0.2592407780421985;0.48722222447395325;1.7754325428563686
45;0.8755556;0.26103474628567813;0.5377777814865112;1.805078630345977
46;0.8745833;0.26860959312612065;0.5216666460037231;1.8482511659670207
47;0.8804167;0.26028821747091163;0.5149999856948853;1.9548193679449872
48;0.8788889;0.247984883002713;0.5333333611488342;1.9149883356773192
49;0.88027775;0.25969083923510855;0.47777777910232544;2.1807936535061647
50;0.88069445;0.2526402442774996;0.5233333110809326;1.8487688039636447
51;0.87277776;0.2624562692707981;0.5094444155693054;1.7819280642395219
52;0.8790278;0.2449299304033496;0.448888897895813;2.3262253320051562
53;0.8848611;0.23983165241247661;0.4877777695655823;1.8793629369801945
54;0.88208336;0.24617238559821494;0.554444432258606;2.183488765066593
55;0.8873611;0.2354785195267379;0.5061110854148865;2.271845532870955
56;0.88666666;0.2534011292981947;0.4833333194255829;2.3566995053655573
57;0.8854167;0.2298589188538708;0.5233333110809326;1.994056998586489
58;0.8927778;0.2310307228952221;0.4855555593967438;2.2023620991243256
59;0.89013886;0.23091030206949817;0.5122222304344177;2.14780217156642
60;0.8838889;0.2489069004345906;0.5205555558204651;1.7319386267724137
61;0.8909722;0.24373823788808913;0.504444420337677;2.046248714408527
62;0.89013886;0.22998295826696954;0.5072222352027893;2.3860039094462993
63;0.89111114;0.23214511010046912;0.5094444155693054;2.4367441262222
64;0.8958333;0.2288422689765268;0.5177778005599976;2.020918919787639
65;0.89361113;0.2257011558048267;0.5355555415153503;2.2188054205642804
66;0.89819443;0.22607157816099083;0.5083333253860474;2.4689868229958747
67;0.89402777;0.2302850212234549;0.49666666984558105;2.4676938004662388
68;0.89416665;0.22987955100790505;0.5138888955116272;2.5068349880580274
69;0.90194446;0.22206480448319418;0.4861111044883728;2.3831007431157762
70;0.9008333;0.220945570770469;0.4927777647972107;2.505199069281419
71;0.89597225;0.2239073482341755;0.4722222089767456;2.595708401930622
72;0.9022222;0.21644908155181425;0.4983333349227905;2.470438070393478
73;0.90444446;0.21345685773976;0.47555556893348694;3.0572103562350903
74;0.9008333;0.2193175669868839;0.4911110997200012;2.637037505835502
75;0.9031944;0.21761505307712853;0.5344444513320923;2.1566728735523713
76;0.905;0.2129312093263628;0.4983333349227905;2.721974656974069
77;0.9033333;0.20944081239209159;0.47055554389953613;2.937776835138599
78;0.9048611;0.20422303118039686;0.5311111211776733;2.36447110236105
79;0.9036111;0.20455781925717675;0.49444442987442017;2.8218916048606237
80;0.9066667;0.21211852147315818;0.49944445490837097;2.6981048743344016
81;0.90833336;0.21005687878933021;0.4811111092567444;2.8527976993264423
82;0.9093056;0.2012560172449523;0.48277777433395386;2.9312623172170587
83;0.90375;0.21420997408981515;0.49888888001441956;2.5973854222955803
84;0.9004167;0.21413987580314087;0.48500001430511475;2.702161981217149
85;0.90875;0.19940163873745045;0.4472222328186035;3.073837338801887
86;0.90291667;0.2074495125901894;0.4883333444595337;3.2171336041039065
87;0.91194445;0.20018847211290447;0.4861111044883728;3.38684389869579
88;0.9122222;0.19557039812568996;0.5199999809265137;2.568936470637305
89;0.9097222;0.19517189907385393;0.5105555653572083;2.5127067245853443
90;0.91055554;0.19462630062623307;0.5255555510520935;2.747692320252665
91;0.91055554;0.20098537059306731;0.5133333206176758;2.8203064839459127
92;0.91125;0.19898405181239648;0.48277777433395386;2.999411990162399
93;0.90875;0.20164125743440622;0.5488888621330261;2.6904429494261017
94;0.9073611;0.20449460073463716;0.5216666460037231;2.4591982318838643
95;0.91180557;0.19322399830462605;0.5211111307144165;2.931977285703437
96;0.9147222;0.19530372485145492;0.4927777647972107;2.539563956334152
97;0.91375;0.19408968120600462;0.5122222304344177;2.8681304634393503
98;0.9148611;0.1903925311317616;0.49666666984558105;2.69399568013226
99;0.9181945;0.18357507371004403;0.5083333253860474;3.195485194702633
0;0.6397222;0.6364068288873467;0.5699999928474426;0.6741515795389811
1;0.6809722;0.5886140659658445;0.42055556178092957;0.8406043512953653
2;0.7025;0.5736377232708036;0.41111111640930176;0.9331385884020064
3;0.7052778;0.560375695142688;0.5311111211776733;0.7500700914197498
4;0.71652776;0.5465424689334921;0.44333332777023315;0.8981665481295851
5;0.7223611;0.5377600079350587;0.5450000166893005;0.7890060159895155
6;0.7327778;0.5206983846250094;0.4694444537162781;0.9490187418957551
7;0.74319446;0.5088022582491653;0.4588888883590698;1.046498832354943
8;0.75222224;0.49207104357839043;0.519444465637207;0.8745041944500472
9;0.75916666;0.4783659561563076;0.43611112236976624;1.1057966799371772
10;0.765;0.4693477749824524;0.6383333206176758;0.7082345108191173
11;0.7725;0.4601716135098185;0.5083333253860474;0.9267991630153524
12;0.7831944;0.44119751206469826;0.5155555605888367;0.9112775963213708
13;0.7847222;0.4412507624611155;0.49222221970558167;1.086331251470579
14;0.7911111;0.42638597441901865;0.4716666638851166;1.158199183270335
15;0.80069447;0.4179214761953012;0.5294444561004639;0.9680750215219127
16;0.7984722;0.409248988427377;0.54666668176651;1.0631338018510077
17;0.81277776;0.39359611671534367;0.5555555820465088;1.0747448057350186
18;0.8144444;0.3821670127757696;0.5772222280502319;0.9942693087789748
19;0.8148611;0.38036700589432765;0.46166667342185974;1.3740221198234293
20;0.82263887;0.37219497497895243;0.45277777314186096;1.3773471117433576
21;0.8275;0.3679248454692748;0.4055555462837219;1.5496256165206432
22;0.83069444;0.35832684438986084;0.4927777647972107;1.2089551246828503
23;0.8309722;0.35482592776873695;0.5144444704055786;1.2230144723421998
24;0.83208334;0.3488476860650634;0.5450000166893005;1.3876216655804052
25;0.84208333;0.3342578426001435;0.5311111211776733;1.2747237975139998
26;0.8427778;0.3382480453254377;0.49944445490837097;1.2732802601013746
27;0.8402778;0.33435046247286665;0.4866666793823242;1.439353704597387
28;0.84944445;0.31853073896745626;0.449444442987442;1.869672611231605
29;0.8520833;0.3167919457543677;0.4538888931274414;1.7539140762968195
30;0.85291666;0.31494652531720124;0.5083333253860474;1.6256807127243116
31;0.8498611;0.311838124255731;0.5038889050483704;1.5528153487895098
32;0.8525;0.31027437780851164;0.4611110985279083;1.8358772526288198
33;0.8591667;0.3036137943308404;0.5099999904632568;1.4547553910563389
34;0.8626389;0.3012500014787495;0.47333332896232605;1.7734471396232645
35;0.86388886;0.30125415045699305;0.5244444608688354;1.6137562757771877
36;0.86527777;0.29262872932494144;0.45944443345069885;1.7522585162065096
37;0.86819446;0.28460934757557776;0.5222222208976746;1.7183104833691485
38;0.8655556;0.2873938486070276;0.5144444704055786;1.8123784637751266
39;0.86625;0.2855529341325766;0.47333332896232605;1.9478020553580588
40;0.86791664;0.28450135171235363;0.4588888883590698;1.9427648397007335
41;0.8715278;0.27193138742520157;0.4216666519641876;2.2060867657884957
42;0.87569445;0.2761957214144137;0.5099999904632568;1.6646558661427764
43;0.8815278;0.26500712689782957;0.4533333480358124;1.896006782963458
44;0.87972224;0.266715193514776;0.49888888001441956;1.8990759010995841
45;0.8809722;0.26208187712685993;0.4911110997200012;1.9216695472080674
46;0.8840278;0.25300964729016817;0.5388888716697693;1.7605731187491782
47;0.87833333;0.2602267579918791;0.4866666793823242;2.0683910043185785
48;0.88305557;0.25499097461452036;0.4555555582046509;2.0600094247919816
49;0.8844444;0.25046690411687716;0.44388890266418457;2.425505548280974
50;0.8848611;0.24933760925248155;0.4955555498600006;2.19312603716842
51;0.8908333;0.24870560342003886;0.5;1.8481968232016597
52;0.8836111;0.24728925944581812;0.4744444489479065;2.39515453562037
53;0.89611113;0.2357870018850257;0.4738888740539551;1.9955542324007385
54;0.8913889;0.24072297067411152;0.49388888478279114;2.128616816891978
55;0.89055556;0.24519922258549198;0.5177778005599976;2.074808301931868
56;0.89361113;0.23407591777921022;0.45444443821907043;2.157240133204808
57;0.8913889;0.24312856951018047;0.4927777647972107;2.0958929382678537
58;0.89402777;0.23216036205766766;0.5411111116409302;1.7571320982649923
59;0.89402777;0.23990742634668782;0.48277777433395386;2.253360063404155
60;0.89902776;0.2223382364680952;0.42222222685813904;2.9558960016584024
61;0.89902776;0.2304036433095798;0.5305555462837219;1.9819296546487344
62;0.8975;0.22854565995226228;0.4611110985279083;2.722035692787419
63;0.90194446;0.21388570641427274;0.5;2.614867308544409
64;0.9033333;0.2188712091881418;0.4927777647972107;2.5236423974494553
65;0.9027778;0.22387906883300718;0.49000000953674316;2.4387738478706322
66;0.9043056;0.21722294184111737;0.47777777910232544;2.8142746577427413
67;0.9026389;0.2277652947542309;0.4933333396911621;2.5546862275598365
68;0.9018056;0.2183603810974206;0.4861111044883728;2.6409160803330853
69;0.9076389;0.21360224589471374;0.4650000035762787;2.721121284401872
70;0.9033333;0.2144811972290692;0.5094444155693054;2.4314682179337574
71;0.90652776;0.21455560142646213;0.5099999904632568;2.541481141722761
72;0.9018056;0.21497813141684624;0.5011110901832581;2.5069020767088257
73;0.90708333;0.20857233353371182;0.4833333194255829;2.751359566176931
74;0.90652776;0.20873155067100696;0.47611111402511597;2.8467820192325033
75;0.9023611;0.216262451337404;0.4911110997200012;2.5315177756258183
76;0.9051389;0.20584099954354795;0.4511111080646515;3.30543082529265
77;0.9072222;0.20418388129817933;0.47333332896232605;2.697875470572358
78;0.9127778;0.20353398981199747;0.5161111354827881;2.421613141025106
79;0.9098611;0.2007205949824598;0.5105555653572083;2.5955998839241348
80;0.90444446;0.2127051651597785;0.5011110901832581;2.3530511689268883
81;0.9145833;0.19786131431821224;0.48500001430511475;2.600516607902116
82;0.9101389;0.20341588219607387;0.47833332419395447;2.5745171905236526
83;0.91152775;0.20243071272965127;0.47833332419395447;2.587579121519553
84;0.90875;0.19742653215887726;0.47055554389953613;2.8719298690842052
85;0.91;0.2098526531229431;0.47333332896232605;2.6358907165549073
86;0.91097224;0.19918182073287893;0.5149999856948853;2.494711396067093
87;0.9141667;0.18968226058600382;0.49666666984558105;2.8627990880101506
88;0.91194445;0.2061070054822183;0.48277777433395386;2.814422877011303
89;0.9152778;0.2019738400960462;0.5011110901832581;2.4657903421747807
90;0.9141667;0.1946108547695398;0.5066666603088379;2.4818144851972144
91;0.9176389;0.18540862111661183;0.5216666460037231;2.299114726602824
92;0.9156944;0.19120866035765655;0.5088889002799988;2.4260569586353893
93;0.91791666;0.19406431544792768;0.48722222447395325;2.5543562990082944
94;0.9175;0.1937839695557375;0.5011110901832581;2.515760098017442
95;0.9222222;0.17857694471301114;0.5099999904632568;3.0517380593085868
96;0.91652775;0.19725275463105024;0.4911110997200012;2.638719016016047
97;0.9225;0.18646527981896827;0.4927777647972107;2.5944435889884416
98;0.91430557;0.19220929986603455;0.5088889002799988;2.5281696641274416
99;0.92055553;0.186649410978541;0.5105555653572083;2.6281771013170427
0;0.63277775;0.6373839994788998;0.6838889122009277;0.6124298116399183
1;0.67736113;0.5913919982810815;0.48055556416511536;0.7881055208543937
2;0.69930553;0.5684078017094483;0.4483333230018616;0.8910741919444667
3;0.7077778;0.5564376639253977;0.3977777659893036;0.9813274931576517
4;0.7226389;0.5415213944597377;0.3894444406032562;0.8862035290234619
5;0.73541665;0.5257983633006612;0.4933333396911621;0.821511357360416
6;0.7401389;0.5091416912774245;0.47555556893348694;0.9366575009706948
7;0.74444443;0.49742700343485924;0.5461111068725586;0.8110356459187137
8;0.75430554;0.48293741516148053;0.4161111116409302;1.1336719527426693
9;0.7623611;0.4733542273739456;0.5172222256660461;0.8604835548748573
10;0.7708333;0.46199058115016667;0.46611112356185913;0.9419933299223582
11;0.77666664;0.446384351933375;0.48500001430511475;1.0293056118819448
12;0.7825;0.43245255674701183;0.46166667342185974;1.26177417250971
13;0.79555553;0.42151645453996023;0.4577777683734894;1.2176523093548086
14;0.7966667;0.414917301474553;0.5188888907432556;1.0978052221238612
15;0.79791665;0.3989656546183912;0.5922222137451172;0.9535962180958854
16;0.8026389;0.3988433377041171;0.5072222352027893;1.2189392334885067
17;0.8138889;0.38584123332984743;0.4511111080646515;1.2456901863631276
18;0.8188889;0.3737558232720605;0.49166667461395264;1.3108034560456872
19;0.82555556;0.36380330433050606;0.4744444489479065;1.3670025443554752
20;0.8252778;0.36807443157239406;0.42944443225860596;1.4479309467391834
21;0.8298611;0.35423718629382267;0.5344444513320923;1.296612103179925
22;0.8354167;0.3424119001328816;0.528333306312561;1.2974083857559082
23;0.83875;0.3452408616694609;0.5616666674613953;1.267423920871483
24;0.8422222;0.33688187351570176;0.48055556416511536;1.4253262402696742
25;0.8447222;0.3263373442120711;0.5355555415153503;1.429544705649217
26;0.85152775;0.3240480845398957;0.4566666781902313;1.6950102377889884
27;0.8516667;0.32171951457211334;0.4749999940395355;1.7143483385443687
28;0.85555553;0.316692286586072;0.4466666579246521;1.7479754468322628
29;0.85194445;0.3169605916881766;0.5355555415153503;1.5343425250094798
30;0.8527778;0.30544605373415834;0.4722222089767456;1.9770362560326855
31;0.86083335;0.29696569016889246;0.5099999904632568;1.5489013839616543
32;0.86194444;0.3032495547471778;0.5205555558204651;1.5359215065474725
33;0.8659722;0.29545828852888006;0.5138888955116272;1.5796117051349332
34;0.8659722;0.2907966267616593;0.5400000214576721;1.6362089227057166
35;0.87166667;0.27814428724468915;0.45500001311302185;1.9801329634669753
36;0.86875;0.2853525056595067;0.43444445729255676;1.833635890711513
37;0.87625;0.2764768528814037;0.48722222447395325;1.6546709465587304
38;0.8759722;0.27369003370611406;0.5699999928474426;1.4740995157613523
39;0.8751389;0.27794677766339565;0.4611110985279083;1.9271478921744145
40;0.87930554;0.2712298401528263;0.46000000834465027;2.1422325785685743
41;0.87972224;0.2710471057086377;0.504444420337677;1.7864826115727839
42;0.87972224;0.2636145177394181;0.5327777862548828;1.737919016699824
43;0.88375;0.26236770348705973;0.46833333373069763;1.945494629903179
44;0.8929167;0.24573264872183245;0.4677777886390686;2.041881635112481
45;0.8790278;0.26393161447351693;0.496111124753952;1.7716074426761932
46;0.88305557;0.2604602700754387;0.4749999940395355;1.922672837268975
47;0.8884722;0.24963522171923638;0.504444420337677;1.9424783436762583
48;0.8890278;0.2474176530540098;0.4633333384990692;2.225137342233211
49;0.89125;0.244775367191581;0.49888888001441956;2.033171078094488
50;0.88958335;0.24792393263969537;0.4788888990879059;1.9244714389399935
51;0.89375;0.24693480841032547;0.507777750492096;1.8508242763423672
52;0.89458334;0.23780967593258012;0.5011110901832581;2.104560385734981
53;0.8888889;0.25232654571928936;0.5105555653572083;1.7603717321995647
54;0.89513886;0.24148982781426234;0.4972222149372101;2.373223198057773
55;0.90069443;0.2329431950385843;0.5155555605888367;1.8938753808563988
56;0.89847225;0.23042405778542474;0.44611111283302307;2.3732471856650794
57;0.8927778;0.2426321830270342;0.47055554389953613;2.1464670399333245
58;0.9013889;0.22803183815748929;0.49000000953674316;2.137339216169332
59;0.9025;0.22466023279873248;0.45944443345069885;2.323826543215869
60;0.90291667;0.22893688986063251;0.4655555486679077;2.1581581465240256
61;0.9001389;0.2315365894763229;0.5027777552604675;1.9977652830640888
62;0.90541667;0.22309586322676453;0.5055555701255798;1.9591624416850715
63;0.9047222;0.2210972190971843;0.550000011920929;1.7927677385095093
64;0.9025;0.22471801252389564;0.5522222518920898;1.892358265174294
65;0.9052778;0.2168504725451349;0.4861111044883728;2.2551414869156563
66;0.9026389;0.22505103342175958;0.4927777647972107;1.7961186894940004
67;0.90291667;0.21789932707371346;0.5061110854148865;2.2889779224319176
68;0.90791667;0.21043099461205006;0.5172222256660461;2.236155951196431
69;0.90625;0.20778903058706577;0.5016666650772095;1.9247811121296965
70;0.90708333;0.21506097794006362;0.49000000953674316;2.3928694831103914
71;0.91152775;0.20414782782542873;0.4955555498600006;2.5317179232279563
72;0.9097222;0.21377301247954833;0.4555555582046509;2.401900319354091
73;0.9113889;0.20861412558158066;0.4677777886390686;2.573873813107558
74;0.9106944;0.2100330832299802;0.4866666793823242;2.2696933252943885
75;0.9097222;0.21083958091602048;0.47555556893348694;2.2460342799158144
76;0.90833336;0.2084311646565302;0.46166667342185974;2.724059206242156
77;0.92041665;0.1882502349267903;0.48055556416511536;2.2841743880313716
78;0.9101389;0.20588357494875092;0.4983333349227905;2.2589362614012014
79;0.9122222;0.20487978052674866;0.4749999940395355;2.3009934942108683
80;0.90847224;0.2172508830619724;0.503333330154419;1.9989762636936372
81;0.91652775;0.19326797468954304;0.496111124753952;2.3432188504055373
82;0.9127778;0.20404298086243203;0.4861111044883728;2.160911385752196
83;0.9156944;0.20018192369682924;0.507777750492096;2.3254691377178665
84;0.9177778;0.20117498726608873;0.46666666865348816;2.5741845034444446
85;0.9125;0.20265321857331742;0.4722222089767456;2.6072473795890496
86;0.91791666;0.19137875549829197;0.5049999952316284;2.7760101829440424
87;0.91736114;0.19940096754657033;0.47999998927116394;2.530656327905793
88;0.9156944;0.19443182494305927;0.4744444489479065;2.791424700954101
89;0.9241667;0.18215156067933655;0.4911110997200012;2.9006857566718987
90;0.9123611;0.2034193769231054;0.4788888990879059;2.8150216193604543
91;0.91847223;0.19181111783208982;0.5288888812065125;2.222028348146705
92;0.9172222;0.19279776590732484;0.4694444537162781;2.6283039739581806
93;0.9191667;0.18745156103162008;0.4927777647972107;2.768227533272956
94;0.91805553;0.19233440624264875;0.5183333158493042;2.2645831649370343
95;0.91805553;0.1914473927473252;0.503333330154419;2.3122059657180216
96;0.91791666;0.1939197979879074;0.4927777647972107;2.407852499678524
97;0.92375;0.1806598538023955;0.4950000047683716;2.4794035055408634
98;0.9127778;0.19997802238862689;0.49444442987442017;2.7216621008995894
99;0.92;0.18346115571876542;0.5172222256660461;2.4858338348535147
0;0.63166666;0.6378558255214658;0.3861111104488373;0.8754379882580704
1;0.68222225;0.5882737384591665;0.4927777647972107;0.7475586854749255
2;0.6994445;0.5703298919627235;0.49444442987442017;0.8012507622440656
3;0.71055555;0.5543834693548787;0.5072222352027893;0.8272392677764098
4;0.72;0.5406415059800364;0.4877777695655823;0.831202857941389
5;0.7286111;0.5282194228946335;0.49888888001441956;0.9097552420364485
6;0.7331945;0.5170190632498513;0.6072221994400024;0.7418267344435056
7;0.74194443;0.5034342121591584;0.522777795791626;0.8256104696128104
8;0.7579167;0.4836328522716131;0.5116666555404663;0.8916671614680025
9;0.76375;0.47147896593410726;0.48944443464279175;0.9516447292019924
10;0.7647222;0.4614161400797053;0.4950000047683716;1.0030318773869011
11;0.7752778;0.44702498324655204;0.5;1.0563041660934687
12;0.77625;0.44694375393834584;0.5638889074325562;0.8104969574759404
13;0.78847224;0.4235613238082604;0.4611110985279083;1.1355380952358245
14;0.78930557;0.41698857026575653;0.507777750492096;1.0219392926742634
15;0.7956945;0.4021995721213494;0.5361111164093018;1.0873676461478075
16;0.7966667;0.40660080111540287;0.4350000023841858;1.3857271645218134
17;0.8094444;0.38631993423283956;0.42444443702697754;1.4323929661264023
18;0.81041664;0.37746548928876617;0.4449999928474426;1.3599491092479892
19;0.8165278;0.3721694498617176;0.4538888931274414;1.4269057425152925
20;0.8183333;0.36643923733669603;0.5633333325386047;0.960464122518897
21;0.82569444;0.3569121866768304;0.48055556416511536;1.528700396253003
22;0.8293055;0.34896083758285384;0.5055555701255798;1.4203559561322132
23;0.82916665;0.34443597427540834;0.5183333158493042;1.3695844984716838
24;0.84402776;0.3318117980298565;0.48722222447395325;1.3500039923108287
25;0.8413889;0.3281204271807433;0.5361111164093018;1.5794624905101955
26;0.8402778;0.33023131877125705;0.49666666984558105;1.5476123556080792
27;0.8456944;0.32731397911144694;0.4516666531562805;1.5839901592168544
28;0.84944445;0.3221781315680346;0.5211111307144165;1.3642359386922585
29;0.8526389;0.31262242031185045;0.5105555653572083;1.8494082138149275
30;0.855;0.31648677594417274;0.5155555605888367;1.6858771932725278
31;0.8616667;0.29905984210567516;0.4977777898311615;1.6943186620457305
32;0.8626389;0.30294568341822825;0.4911110997200012;1.752915770229366
33;0.8609722;0.29759834450408235;0.5;1.6337776706347036
34;0.86625;0.2957604107460712;0.49944445490837097;1.5943281409020225
35;0.86625;0.27827118871385514;0.47055554389953613;2.043535586932881
36;0.8673611;0.2859447407620021;0.5366666913032532;1.8202756154764859
37;0.8680556;0.28552145387787076;0.5711110830307007;1.4157592178296505
38;0.8719444;0.2794005781990816;0.5249999761581421;1.8580084778730654
39;0.8651389;0.2784229144033917;0.5422222018241882;1.5772466438408528
40;0.87375;0.2731284529729666;0.5144444704055786;1.6824333453137013
41;0.8726389;0.27489356477914273;0.4266666769981384;2.0657482318062748
42;0.87958336;0.26386412868449344;0.5611110925674438;1.6247007206806705
43;0.87875;0.2613769786141688;0.5261111259460449;1.8806798006666616
44;0.88375;0.2592001621989564;0.4816666543483734;1.936052574072447
45;0.8786111;0.26682064556841095;0.5472221970558167;1.620695561563803
46;0.88069445;0.2643119427543651;0.5016666650772095;2.009705009156217
47;0.8794444;0.25907456922282107;0.476666659116745;1.987989514766054
48;0.8859722;0.2525100991810733;0.4911110997200012;2.0108671327431997
49;0.8826389;0.2540113688585254;0.4838888943195343;2.093990287101931
50;0.8848611;0.25058243274484165;0.503333330154419;1.9954895172785554
51;0.8848611;0.25399089112133566;0.5322222113609314;1.6632920280616317
52;0.8863889;0.25071158995031284;0.4672222137451172;2.478931919340458
53;0.88930553;0.2471496951543587;0.4905555546283722;2.030949719063938
54;0.88930553;0.24282860328097639;0.5105555653572083;1.9056482575057696
55;0.8973611;0.23681069949411646;0.4983333349227905;2.07687585961798
56;0.895;0.23751401719197626;0.5255555510520935;2.007650022394955
57;0.8963889;0.22771311761501495;0.4788888990879059;2.538388066679343
58;0.89166665;0.23826731179083255;0.5055555701255798;2.012636240483779
59;0.8954167;0.2334771095688316;0.4927777647972107;2.2478938152703147
60;0.8958333;0.23271980611477072;0.4816666543483734;2.3400332662897805
61;0.9033333;0.22235658331407065;0.496111124753952;2.3592994721399414
62;0.9025;0.2223587122589592;0.47611111402511597;2.476443203398958
63;0.9;0.22266210920514976;0.5072222352027893;2.082865096796821
64;0.90208334;0.22142848655533937;0.5088889002799988;2.2377252290956675
65;0.89902776;0.22176735553096433;0.5133333206176758;2.0978223487941756
66;0.9001389;0.22324072766976744;0.4722222089767456;2.4255471971403395
67;0.90458333;0.22214180520440563;0.5216666460037231;2.0427152089567646
68;0.90833336;0.2138302667346145;0.46611112356185913;2.366366829940428
69;0.8976389;0.22502270961834434;0.54666668176651;1.9939035150791622
70;0.9056944;0.21808845318838913;0.5338888764381409;2.243044550297782
71;0.91402775;0.2041626795792998;0.5188888907432556;2.101281957116185
72;0.9097222;0.20813143559990674;0.5494444370269775;1.8968501286581159
73;0.9063889;0.2160840537450692;0.528333306312561;2.0332588485028182
74;0.9161111;0.2021594203187075;0.5266666412353516;2.4445651813953493
75;0.90805554;0.20906520278411536;0.4794444441795349;2.763367553572688
76;0.9093056;0.213115512301904;0.4927777647972107;2.7550137008915447
77;0.9102778;0.20775986333327157;0.4744444489479065;2.6156171155369115
78;0.91097224;0.20623108594505146;0.5105555653572083;2.346402362185634
79;0.91444445;0.2017680467776759;0.5022222399711609;2.332955480273813
80;0.91583335;0.19773375456319892;0.496111124753952;2.3323989346106018
81;0.90944445;0.21100425895580435;0.507777750492096;2.124490152547757
82;0.91152775;0.21537959203741902;0.4972222149372101;2.315788725903258
83;0.9151389;0.20050699680177295;0.5005555748939514;2.524244611622352
84;0.9170833;0.19746152781402343;0.49666666984558105;2.574232185875169
85;0.9127778;0.20109035457967744;0.5072222352027893;2.8147153100050573
86;0.9181945;0.19116774840395415;0.5072222352027893;2.461724842963223
87;0.91638887;0.19941497468177716;0.5083333253860474;2.2166615930955027
88;0.91583335;0.1937068190252692;0.48444443941116333;2.629339997439335
89;0.9186111;0.18971776017039677;0.48500001430511475;2.49587259324164
90;0.9197222;0.18891331256306299;0.5055555701255798;2.277952576216517
91;0.91652775;0.1902802970240961;0.5327777862548828;2.3582932978894355
92;0.9227778;0.19035571388334738;0.4866666793823242;2.9281868781480522
93;0.91583335;0.19982575479288345;0.5161111354827881;2.6020348796465744
94;0.9197222;0.18495941060192456;0.4722222089767456;2.879697217145521
95;0.92180556;0.18516559776658523;0.5361111164093018;2.6169675610474465
96;0.9241667;0.18614559959781285;0.5016666650772095;2.810924652283494
97;0.9234722;0.19226199519349604;0.5233333110809326;2.326465050728681
98;0.9186111;0.19688417192080832;0.472777783870697;2.835566080058925
99;0.9227778;0.18099661796692468;0.49444442987442017;2.7189897784484653
